Municipality,Number_of_vegetation_plots,Vegetation_area_KM2,Municipality_area_KM2,Vegetation_cover_%,HDIM_2010,Child_mortality_2017,GDP_cap_2018,Sawage_2010_%,S_Species_richness,PD_Phylogenetic__richness,FD_Functional_richness,Temporary_crop_revenue,Permanent_crop_revenue,Predicted_S,Future_S,Predicted_FD,Future_FD,Predicted_PD,Future_PD,Prediceted_Permanent_crop_revenue,Future_Permanent_crop_revenue,Predicted_Temporary_crop_revenue,Future_Temporary_crop_revenue
Abelardo Luz,4,246.8675126,953.992,25.87731475,696,21.66,39108.44,12.4,19.75,1918.798175,0.03375804708,2.815722922,2.475413418,27.35197893,28.35655801,0.05795348825,0.05458657796,1870.534587,1892.750715,3.88757205,3.264234125,2.157602898,2.157571486
Agrolândia,2,104.0985436,206.815,50.33413611,725,18.87,23224.16,79.6,52,3317.9092,0.09045249714,4.437325983,12.03179868,55.73164945,57.26397278,0.08744632231,0.08995923272,3238.889448,3308.842645,11.74820932,11.86959108,4.516797611,4.589509076
Agronômica,1,47.1229629,129.774,36.31155925,741,14.71,29394.91,52.8,63,3909.9605,0.08439637116,7.251129539,11.05845015,54.31000871,52.91866278,0.07785776173,0.07796911364,3297.20981,3220.109806,11.94419396,12.22443643,7.607978688,7.846020955
Água Doce,3,325.765799,1319.137,24.69537273,698,18.87,43501.9,69.8,27,2359.560033,0.04869702994,3.336477773,18.53868295,25.62489703,26.37250928,0.06407588631,0.06284742009,2196.335514,2207.096704,21.30111527,20.60030153,3.141416452,3.031940262
Águas Mornas,4,279.7672242,326.66,85.64477566,723,12.82,25790.35,70.1,56.25,3781.36415,0.08643155113,10.81335729,18.72439046,61.26496505,62.53952067,0.07690800773,0.08121052933,3843.912439,3953.300866,21.21115429,21.55502164,10.06664162,10.18761401
Alfredo Wagner,7,448.856391,733.489,61.19469972,668,14.93,25993.75,55.5,41.28571429,2891.512943,0.08033209451,11.19732788,17.05897246,44.2619373,49.33275158,0.07068938459,0.07407269047,3192.483102,3290.993599,16.52068099,16.74388898,10.44804327,10.59819147
Alto Bela Vista,1,35.04894475,103.433,33.88565037,755,43.48,28701.32,38.8,43,3074.9962,0.08205381366,2.20919163,4.32094695,37.79981712,31.39583699,0.0950415843,0.1127950906,2753.022575,2986.257553,3.796126825,3.775826502,2.544764321,2.535857319
Anchieta,2,40.21907709,232.348,17.30984433,699,15.15,23510.34,15.9,43.5,3329.16215,0.08560358797,2.617768237,3.205632835,37.81957619,37.5606746,0.0984275607,0.08852787443,3215.957353,2871.870079,3.131614733,2.685612346,2.416982271,2.332673176
Angelina,7,395.9685517,499.998,79.19402712,687,18.52,23064.55,64.7,67.28571429,3927.184871,0.08425731827,6.82801157,9.467865245,69.61454208,61.53629266,0.07417914687,0.07933915666,3844.93436,3796.273903,9.923272828,10.15536445,8.236845368,8.59232886
Anita Garibaldi,8,207.5896204,589.812,35.19589639,688,24.1,19958.45,56.9,32.875,2745.737988,0.08468444649,2.254440851,14.82957342,29.8523464,30.75192715,0.08181848146,0.07875370961,2696.629699,2630.24824,8.058492382,7.380251023,2.230395096,2.179512817
Anitápolis,3,447.5579944,540.636,82.78360938,674,64.52,17638.39,59,51.66666667,3341.298633,0.1020351498,5.500123104,7.382769665,65.64637652,62.59160429,0.07518616468,0.07209993305,3802.278059,3743.466576,8.270354229,8.359881905,8.603623509,8.937207389
Antônio Carlos,2,177.0864728,234.422,75.5417464,749,16,78006.01,61.7,51,3440.8069,0.08669972745,6.612901361,11.0229199,57.65882809,60.6435397,0.07459863573,0.07862187922,3628.784213,3778.654531,8.279848237,8.590689762,6.316094962,6.591266543
Apiúna,4,391.6307495,493.49,79.35940941,708,8.62,39068.46,78.8,53.25,3513.317575,0.07573399459,8.703903089,7.847823725,56.65972328,59.54663451,0.07714056664,0.0799884531,3691.052739,3735.773425,9.872266506,10.10939912,8.123296441,7.827391815
Arabutã,1,77.66242143,132.779,58.4899882,733,21.74,32258.33,71.9,41,3081.1866,0.05872806436,2.174660661,2.31732123,39.36596877,42.0429833,0.09507459771,0.08705914334,2825.428336,2725.488708,5.257230452,4.43068601,2.546407411,2.502007727
Araranguá,1,27.35761668,301.819,9.064246014,760,10.91,27132.74,77.5,33,2356.7258,0.05186890797,6.084008667,9.026168699,40.28660688,42.08217895,0.07300126365,0.07714749438,3089.249218,3196.903392,11.77046385,12.26641962,7.16665915,7.532096529
Armazém,2,61.85806663,173.958,35.55919626,770,10.64,22211.06,81.5,45.5,3354.45785,0.1107064524,5.830354957,17.59936265,58.86819919,54.24186382,0.09999186238,0.101637628,4011.370512,3948.290192,17.3724013,17.47257141,6.205009891,6.238734189
Arroio Trinta,1,40.85011821,93.53,43.67595232,764,25,25153.91,66.1,37,2679.9206,0.119515152,2.701477184,11.54662538,37.90801497,38.71070205,0.1055620488,0.1000991129,2798.462872,2786.161671,10.50469662,10.06435256,2.88685747,2.951007149
Ascurra,2,80.47426368,112.884,71.28934453,742,10.1,24968.67,87.1,74.5,4487.9589,0.07845209384,4.221285683,13.07498965,68.42951058,60.27830706,0.08624042551,0.08985750826,4028.473422,3807.068459,12.41384289,12.89471379,4.675431427,4.864207437
Atalanta,1,30.73257218,94.383,32.5615547,733,19.61,30763.79,81.5,45,3127.44,0.08841832245,7.002439722,9.044838095,51.00735451,49.39459503,0.07292751894,0.07961955448,3043.47598,3110.807019,9.669964788,9.933390028,7.523828686,7.735608126
Balneário Barra do Sul,2,74.55604669,108.914,68.45405245,716,6.85,17626.61,82.6,40.5,2878.68345,0.03437915105,3.719468743,7.372547512,50.58492822,46.326082,0.05503580744,0.05649165726,3261.336528,3235.937648,7.562449676,8.008998618,3.532289068,3.633200716
Balneário Camboriú,1,24.03456491,45.214,53.1573515,845,8.26,40002.3,98.7,71,4346.7373,0.1004256339,3,5.5,63.52768327,53.70651933,0.08083283285,0.07933315246,3878.830784,3726.736526,7.529166976,8.139234402,4.378144224,4.613489905
Balneário Piçarras,1,18.48802501,99.355,18.60804692,756,7.89,41741.3,90.6,52,3715.4782,0.05629050066,4.170091093,14.61398043,49.25738543,46.94051028,0.05867471347,0.0606559643,3381.744256,3345.175467,15.44985251,15.99046832,4.348059632,4.509461123
Balneário Rincão,1,10.08477153,63.42,15.90156343,741,15.38,17926.93,74.2,31,2365.8516,0.07685833033,11.51184896,16.95125817,41.30825755,39.95530838,0.07845424679,0.08083126331,2902.668086,3265.38609,14.40139427,14.56035061,9.597421756,9.841749699
Barra Bonita,2,22.99422692,92.561,24.84224125,701,41.67,20724.12,12.5,40,2999.78565,0.1039183082,2.653567953,3.916800977,38.05450407,40.19812665,0.1181893811,0.1020814058,3159.863467,2851.656197,7.094759597,7.145062277,2.701795133,2.618750582
Bela Vista do Toldo,3,251.120024,535.682,46.87856302,675,12.82,23763.33,27.8,35.33333333,2553.524133,0.04251662798,5.316825937,3.945477411,33.11781248,35.52657343,0.06701637732,0.0692349014,2676.899953,2777.984757,3.912574934,3.905278056,4.774889328,4.920219918
Benedito Novo,3,257.9995439,388.291,66.44489414,740,9.8,26235.82,77.8,50,3350.299267,0.06347549432,2.478894552,11.82874509,56.17306034,51.98522312,0.07020134011,0.06957518105,3364.859007,3359.908301,9.65602802,9.618061191,3.961035244,4.057174048
Biguaçu,4,181.214404,365.755,49.54529781,739,12.07,27639.57,84.8,47.75,3299.19875,0.06777426378,4.888879164,6.961118145,49.66775123,47.58880973,0.07585708636,0.07762551746,3341.604649,3471.3099,7.107404086,7.587353996,4.879242247,5.14911378
Blumenau,4,351.6219966,518.619,67.79967503,806,10.86,48115.48,91.6,67.75,4398.317175,0.07031938543,3.986244134,9.152145083,67.88967222,61.60744697,0.07829226021,0.080632753,3963.011762,3927.024123,9.065198835,9.27910255,4.595482169,4.656986988
Bocaina do Sul,2,332.9803261,510.673,65.20421602,647,18.87,22504.33,32.1,14.5,1443.42705,0.0184192322,2.979947011,11.82454474,23.2384033,35.95297378,0.04750234872,0.05553339366,2032.180029,2558.714858,11.22214233,11.51629922,2.910781595,2.98011428
Bom Jardim da Serra,2,291.6903155,938.516,31.07995128,696,20.83,21180.5,42.2,9,1061.22695,0.006113627995,3.493841697,24.71347191,21.25833165,23.03454904,0.008055119113,0.01314828735,1777.026591,1868.716347,22.62458105,22.96161234,3.710492558,3.740288905
Bom Retiro,5,714.3982983,1057.034,67.58517685,699,19.23,27619.92,77.7,32.2,2408.77772,0.05927556254,5.000613544,25.32621075,35.28837539,40.93800016,0.05556304801,0.062272135,2717.881503,2939.76183,27.2596857,27.28459527,8.081053173,8.402509115
Botuverá,5,259.2881373,296.256,87.52164928,724,16.95,62153.04,41.5,78.8,4600.1203,0.0836305794,6.039037459,9.391892262,70.9473721,64.40049095,0.07847617168,0.08380542603,4128.105031,4115.913066,6.597496582,6.644949108,6.270366837,6.3130374
Brunópolis,2,68.06173744,336.439,20.23003797,661,35.71,32851.48,39.4,16,1627.49795,0.03039342963,2.695570436,18.06899767,26.06554296,27.4250129,0.06653859771,0.0676711769,2257.670579,2307.491769,18.22818667,17.49670096,2.540216115,2.390020857
Brusque,1,192.2632909,284.675,67.53782065,795,11.41,48408.17,89,44,3380.4648,0.07998821544,3.730857822,8.421028287,46.27996564,42.98526381,0.08091988314,0.07929284883,3280.712207,3259.016876,8.755490585,8.925402844,3.813626782,3.9475572
Caçador,3,393.7730283,983.424,40.04102282,735,12.17,42367.59,70.9,29.66666667,2329.8452,0.05590580056,11.45147883,16.25656157,26.6153575,28.60202972,0.07582701672,0.07839942137,2531.154496,2560.382283,17.79677057,17.40764181,3.636631535,3.6414289
Caibi,1,35.02450552,173.079,20.23613813,728,14.49,33662.83,22.8,35,2859.8184,0.08101636617,2.908316587,5.433616314,32.88640763,38.14169534,0.09881551629,0.07624459672,2601.651635,2250.970252,4.860878111,4.188344746,2.739974568,2.669745852
Calmon,1,257.5526648,636.208,40.48246247,622,44.12,20889.18,64.5,33,2767.0162,0.03521096816,3.935429861,6.722751323,32.60512088,32.35005459,0.07413205515,0.0730799921,2765.246359,2734.277601,6.728619849,6.620694941,3.515500329,3.42252658
Camboriú,3,140.4225592,210.568,66.6875115,726,11.99,18570.55,89.2,65,4239.740033,0.07450663553,4.580297442,11.61936042,57.13438506,54.12087193,0.08789195826,0.0916351399,4147.879864,4078.385413,13.07320973,13.38240947,4.473284548,4.638129704
Campo Alegre,2,268.0658007,499.216,53.69735759,714,13.7,41005.32,90,26.5,2103.8134,0.03865952493,2.893474839,2.216202676,47.17803386,47.19454058,0.0599360493,0.0669467352,3173.414994,3215.435482,8.459544674,8.471647341,3.681785563,3.783780235
Campo Belo do Sul,4,293.0371131,1025.638,28.57120281,641,8.7,32221.86,66,33.75,2565.05325,0.07848646984,2.449089615,25.34931892,33.95011264,33.78425917,0.07484992443,0.073074842,2649.333181,2658.252183,22.01885559,21.09743116,2.409698881,2.356681628
Campos Novos,5,488.6290868,1717.697,28.44675672,742,5.88,54233.53,71.1,34.2,2530.08806,0.103665231,2.500531501,5.12897936,34.33883785,34.80571779,0.08961203944,0.08210170618,2456.1978,2469.728139,5.005393233,4.671315034,2.523608731,2.491165733
Canelinha,1,79.41859751,151.008,52.59231134,697,8.47,15724.49,47.8,52,4227.1627,0.09978952909,4.710524163,13.8926489,57.56188437,59.61164892,0.09042405434,0.09557176603,4070.784964,4075.380243,17.91329453,18.13950814,4.611307787,4.651511585
Canoinhas,6,388.5223796,1148.036,33.8423516,757,8.83,31334.28,61.5,28,2293.250867,0.04791687028,4.59280928,3.455857489,32.197944,35.32157388,0.06589181256,0.06939719812,2553.967779,2686.874655,3.447794921,3.456583118,4.889147559,5.044313339
Capão Alto,4,426.5083111,1331.962,32.02105699,654,45.45,46324.02,37.7,40.25,3212.6226,0.07304968044,2.61105004,21.53897195,36.85355995,34.42198147,0.06228413434,0.06314223079,2621.739609,2510.824155,23.31780081,22.5802745,2.600571231,2.567838819
Capinzal,4,64.98993813,244.057,26.62899983,752,15.38,36806.58,62.4,31,2327.16515,0.0931546194,2.254995518,3.616232601,34.24403162,37.05473348,0.09459585901,0.0901287098,2530.009889,2556.018639,4.970707388,4.642704382,2.340192466,2.343738233
Catanduvas,1,96.87244087,199.166,48.63904525,714,10.7,37883.59,67.6,15,1424.8417,0.02652778424,2.485740767,2.49322889,19.97892162,22.23672677,0.06661771097,0.06541539086,1972.600883,2146.386023,4.12153385,4.061934888,2.312117406,2.32594531
Caxambu do Sul,1,29.83736501,140.873,21.1803291,691,35.09,31933.56,14,9,1048.6827,0.0001628856051,2.773974762,6.515681684,33.40942989,35.69950089,0.06655062292,0.07464614271,1755.532828,2027.545781,7.413187864,6.993811396,3.038587287,2.847255163
Celso Ramos,4,86.88465512,208.391,41.69309381,719,29.41,20150.34,34.7,31,2493.80915,0.09473613447,2.242600616,5.667721053,30.61864885,34.10450897,0.101337064,0.09271300911,2592.008314,2633.664267,3.486863516,2.591978377,2.341778101,2.226527752
Cerro Negro,2,135.0947919,418.544,32.27732136,621,27.78,25463.28,27.2,35.5,2937.82495,0.09685411567,2.288763961,10.4403009,31.39686277,33.03981732,0.08460195278,0.08908060673,2817.102208,2788.853574,12.14049209,11.33225763,2.353324192,2.271203717
Chapadão do Lageado,1,63.54705649,124.866,50.89220163,704,23.26,28031.04,54,51,3423.1742,0.09560752499,8.951843694,9.872850619,50.05008086,47.23180699,0.0885060097,0.08663777516,3419.037694,3325.128082,10.30178072,10.69044256,9.50958512,9.546542923
Chapecó,4,208.0667828,624.846,33.29889009,790,11.09,44321.07,61.8,45.75,3432.137575,0.09050193045,2.458792083,3.40019143,38.06534807,38.43153075,0.08696766377,0.08257211962,2998.054791,2668.334519,4.693046355,4.537248174,2.403382983,2.301084278
Cocal do Sul,1,26.51893539,70.965,37.36903458,780,14.85,39615.6,69.3,44,3155.692,0.1184495453,4.703740919,7.34899684,45.09619916,43.65010449,0.0904652799,0.09332525576,3573.528412,3649.776142,7.924713829,8.118010877,4.789426772,4.931665026
Concórdia,10,343.2067092,799.194,42.94410484,800,11.5,45197.17,79.1,32.7,2592.58733,0.09767826856,2.489455273,4.028696316,33.58852668,35.61344186,0.09537373957,0.09514540412,2580.660055,2665.892442,3.21390945,2.995216086,2.417079201,2.369876812
Coronel Freitas,1,42.01109199,233.698,17.97665876,744,27.52,26940.52,54.6,37,3014.1502,0.1179298177,3.016440829,6.55921653,38.85621266,39.92410891,0.089064418,0.08731947535,2662.276109,2428.221406,6.468348655,5.505237196,2.438543633,2.38748419
Correia Pinto,1,173.2872803,647.388,26.76714432,702,9.22,44370.99,68.9,12,1484.9109,0.002925351855,2.468807422,20.6512099,33.41691131,35.13386398,0.04058649155,0.03709995962,1789.114822,1940.052776,19.04562967,18.55099713,2.402504346,2.237942485
Corupá,2,312.4186801,405.761,76.9957389,780,10.99,28160.26,75.5,63.5,4294.626,0.06728998338,3.878245744,11.91139132,60.80163021,57.86568034,0.08650758551,0.08792674104,3859.678312,3658.031836,8.76865477,8.843123049,3.96536366,4.326596806
Criciúma,1,50.48181097,234.865,21.49396929,788,8.71,36073.31,91.7,44,3304.3672,0.1067640715,4.480114401,7.383268691,43.72578429,42.67266155,0.08965884564,0.08942269663,3382.52053,3391.638522,7.643287585,7.816027623,5.788365131,5.934371649
Curitibanos,5,302.4645692,949.865,31.84290075,721,11.33,35989.53,65.5,43.8,3319.8643,0.07563828727,3.939419823,17.54706562,36.70797365,32.89673201,0.06967031279,0.0661756373,2688.990416,2552.631729,17.16519779,16.51189759,2.504952104,2.214641685
Descanso,1,60.27817279,287.057,20.99867719,743,39.6,26100.95,13.2,20,1970.1703,0.09632161295,2.852134605,6.208311326,35.95451892,38.53595182,0.08123912248,0.08316581631,2065.803993,2325.304076,7.279639183,7.962126531,2.456592289,2.398661937
Dionísio Cerqueira,1,67.1985564,378.843,17.73783768,706,9.48,25541.91,41.2,32,2932.8329,0.1002042635,2.624508071,5.784884809,31.70232608,36.46063893,0.09046847226,0.0821189735,2877.664813,2834.025908,5.732273874,4.59194521,2.443007506,2.542876284
Dona Emma,1,76.36151562,178.157,42.8619227,742,72.73,27871.79,59,19,1791.4708,0.04371769205,6.523961299,10.33063127,49.34704999,48.95937349,0.0788634705,0.07915461117,2665.162748,2942.871982,13.23157548,13.22281338,6.75620975,6.55154536
Doutor Pedrinho,3,288.5437417,374.205,77.10846774,716,31.25,28437.93,61.2,56,3593.5236,0.08639760866,3.371921924,1.877612146,51.90488397,50.37796952,0.07604834409,0.07467384639,3424.780732,3349.344505,3.181916397,3.188579962,3.71400536,3.849645897
Erval Velho,1,64.24513833,208.841,30.76270384,723,29.41,31785.85,59.2,46,3764.4909,0.1149787288,2.613882658,3.73076398,40.27820352,37.30191339,0.09155921059,0.08859045816,2759.418217,2771.263427,4.699504216,4.600323647,2.663836275,2.649038691
Faxinal dos Guedes,1,92.14038388,340.07,27.09453462,758,12.2,41236.16,69.8,36,3061.8443,0.107660084,2.294223143,3.245143989,39.03076636,40.00440146,0.07411895715,0.0635621093,1607.729779,1574.401305,4.308372377,3.368246716,2.130800134,2.147688217
Florianópolis,1,247.4475178,674.844,36.66736576,847,7.71,42719.16,87.8,35,2697.3474,0.1131349964,3.238526815,11.97675397,45.3222814,45.48851157,0.09328744381,0.09621095672,3352.718007,3692.413205,11.4790879,12.4542742,3.634498126,4.071402937
Fraiburgo,1,150.4732526,549.188,27.39922442,731,13.57,25498.89,70,7,490.5739,3.45E-11,4.412682701,34.67744615,17.4138971,21.09280254,0.07094033365,0.06899677467,1602.332529,1874.39039,26.53429448,26.1064753,3.80939682,3.529974029
Garopaba,1,48.15940394,114.773,41.96056907,753,9.46,25916.45,46,52,3551.8703,0.1226619152,4.136566915,6.987234043,53.10885911,52.66194217,0.1028077271,0.1020369955,3858.679874,3961.312502,6.461410916,7.025152601,4.132302707,4.279036938
Garuva,3,359.5255505,503.595,71.39180304,725,6.83,60183.18,58.5,67.33333333,4094.5402,0.07229268327,3.757522401,9.15351422,64.19316188,59.24762861,0.06929362532,0.07075189005,3595.4167,3524.872607,9.262731936,9.508214975,4.987314032,5.204771625
Gaspar,2,223.2433344,386.616,57.74291142,765,4.42,43487.46,87.3,61.5,3870.51325,0.07315530986,4.409215884,8.59966216,60.98854356,54.99012768,0.08368099028,0.08460621698,4016.34742,3893.606832,5.41542344,5.624963869,4.136933379,4.216879454
Grão Pará,2,174.4567589,334.362,52.1760125,736,41.1,33450.95,67.2,34.5,2368.7011,0.04505600438,9.7736439,4.96057098,57.77362267,54.69603363,0.08897313764,0.09186019518,3240.818269,3459.178469,4.28426919,4.314751951,8.887548407,8.070830478
Guabiruba,1,141.9057946,172.173,82.42046928,754,13.25,41994.87,93,69,4565.4816,0.05894092756,3.417769496,5.904378002,61.18105283,60.92827615,0.0836507064,0.07820759555,4290.387303,3942.432193,3.440271387,3.553274644,4.722849198,4.7738331
Guatambú,1,78.11349417,206.196,37.88312779,717,10.31,48042.51,14,44,3067.9816,0.08685573891,2.292410101,3.381244537,38.9295111,38.42170637,0.0885146598,0.08699538951,2721.035306,2718.934342,5.37179786,5.246093464,2.336997552,2.374646389
Herval d'Oeste,2,101.2320226,216.581,46.74095263,758,12.5,21180.37,89.7,31,2290.1088,0.1045639405,2.63286649,4.422201659,33.68349822,37.05599468,0.1023534078,0.0986173313,2797.494312,2839.832823,4.113494913,3.936937367,2.778303443,2.76254722
Ibiam,1,64.11559098,146.009,43.91208143,725,43.48,27289.33,45.9,29,2265.7887,0.1059379338,2.870732293,14.2668306,35.49018802,32.26796269,0.1052114525,0.09875823087,2624.098599,2691.630022,10.36040749,9.830760486,2.864708507,2.858283735
Ibicaré,2,82.54798062,156.439,52.76688078,708,27.03,30855.75,70.5,33,2749.88685,0.09753718316,2.563864736,4.148654108,33.68731824,35.21696044,0.09722606358,0.09460927972,2690.727381,2778.675125,3.940785617,3.866832915,2.752286631,2.761114669
Ibirama,2,165.1782156,247.102,66.84616702,737,16.46,23619.6,92.5,39,2766.45775,0.0601628755,7.099493749,11.79451105,57.79415422,60.36589932,0.08083308543,0.08125076887,3520.058123,3559.362634,10.26467901,10.37797578,7.047029405,7.07165104
Ilhota,1,111.6496528,253.024,44.12611169,738,11.9,50605.82,53.9,80,4704.1366,0.07807887877,4.254757484,11.97673329,55.52245549,53.0535095,0.09064655278,0.08899570439,3837.796631,3839.12411,13.20028585,13.66788101,4.650232118,4.800231565
Imaruí,1,242.6168655,542.238,44.74361175,667,18.02,19014.64,70.3,66,4620.3523,0.05569452775,4.64491029,10.95685782,64.11848085,60.17818203,0.06675738429,0.07975205923,4252.066624,4190.53106,11.94857663,12.2325082,4.704342852,4.769129837
Indaial,2,328.7929563,430.799,76.32166192,777,4.14,38127.84,88.3,78,4387.0288,0.06211077466,5.33387742,6.048151062,67.46423432,62.29697723,0.07654073996,0.07889183242,4058.090335,3882.623038,11.02004693,11.19690597,4.845895917,4.922458449
Ipira,2,63.6253419,155.651,40.87692459,736,20.41,18877.63,62.1,23.5,1962.05215,0.07448636422,2.162744117,4.211985019,29.45820152,36.57202413,0.09787881591,0.09105888604,2819.342993,2791.202507,4.321521442,3.67928389,2.458431205,2.442001873
Iporã do Oeste,2,63.67008284,200.96,31.68296319,759,11.11,28456.21,32.3,22.5,2133.5892,0.06793672338,2.879669138,4.789765236,34.27954192,36.0944904,0.08057475648,0.07994963526,2206.202524,2207.095829,5.050551122,5.007504992,2.518214788,2.535242349
Ipuaçu,1,47.9404122,261.081,18.36227538,660,18.18,29965.83,8.3,51,3394.3335,0.1098062831,2.318755691,3.712454632,43.50770491,40.94527457,0.07737267698,0.06775416418,1864.424338,1747.950627,3.564734695,2.933272144,2.006503398,1.979225004
Ipumirim,1,106.9116449,245.921,43.47397939,738,44.64,43914.19,64,47,3124.8884,0.09349596755,2.460513143,2.186466586,42.56237375,41.64330373,0.07954747682,0.07089641075,2627.885764,2441.761074,4.977979783,4.053173142,2.531478402,2.546412586
Irani,1,162.8486919,325.862,49.97474143,742,8.55,23059.27,47.4,34,2431.4907,0.09433247918,2.308905178,2.719537257,34.42054693,37.12170496,0.05693498927,0.05730369413,2165.342218,2330.986041,1.853018091,1.72018173,2.087967857,2.103441798
Irineópolis,1,215.7303752,589.698,36.58319601,699,6.9,31142.72,46.6,45,3143.5859,0.1289477549,5.064225791,4.457023706,40.40010739,38.73491367,0.09813232978,0.09598440324,3024.172768,2976.495101,2.618311717,2.548278054,5.051655379,5.054050296
Itá,1,65.0281957,166.265,39.11117535,771,16.67,42687.35,65.7,44,3047.6192,0.08382765771,2.687384699,3.269833379,38.58180087,33.0663317,0.1029841264,0.1230848526,2987.947592,2891.734348,4.527439775,5.667914835,2.645629862,2.717187446
Itaiópolis,7,652.2123085,1297.543,50.26517876,708,13.65,34769.15,49.1,41.85714286,2919.327629,0.07407031659,4.543777037,9.789219313,39.70541613,40.88793124,0.07412599859,0.07550388229,2858.557978,2980.368036,9.95089756,9.911974652,4.396826189,4.538054524
Itajaí,1,110.3550465,289.215,38.15675068,795,7.5,117712,88.6,39,2850.5746,0.08404943477,6.267088901,14.742802,47.9239946,44.01978737,0.08438196885,0.08565343153,3258.50836,3292.640387,13.0009657,13.38353018,4.560245359,4.745295825
Itapema,1,36.78300927,58.21,63.19018943,796,16.06,29597.1,86.6,37,2804.7271,0.121936209,4.863184895,7.455494593,48.79653565,49.12074786,0.08961445193,0.08909293879,3171.485469,3223.656207,8.033884378,8.380215683,4.493248196,4.771220403
Itapiranga,3,92.45563189,281.782,32.81104964,775,9.62,46220.97,58.4,27.66666667,2250.144567,0.06322825208,2.938676131,5.338269614,27.59927625,33.11069862,0.08100493933,0.08074378923,2203.89457,2298.331916,3.816360893,4.297155806,2.783374837,3.250352567
Itapoá,2,189.0595723,245.394,77.04327422,761,7.58,39735.17,89.6,78,4530.7635,0.06378387618,3.702909399,7.862530722,67.29948958,62.03422799,0.05175254001,0.0533174509,3638.400021,3619.318518,7.962845924,8.510287814,3.494780778,3.674768882
Ituporanga,3,122.7860419,336.588,36.47962551,748,10.55,37632.2,80.7,57,3765.432533,0.09155437768,9.530327993,9.072866631,55.98647096,54.37475918,0.06511078545,0.06986189683,3416.149131,3384.656016,6.593868463,6.745730078,9.199714032,9.323188108
Jaborá,1,84.54664366,182.483,46.33124382,732,46.51,32091.41,42.4,25,1787.7816,0.08394225675,2.491289135,3.608932491,26.11186237,28.73306655,0.08407972456,0.08300113312,2468.768514,2544.659998,1.891269507,1.981286902,2.206999306,2.220062505
Jacinto Machado,3,203.1534003,430.704,47.16775332,716,23.26,31700.91,83,64,4064.452267,0.1006379136,4.485385164,5.286610065,63.39227228,59.84288172,0.0917158013,0.09454249809,3754.790568,3742.907247,6.073164513,6.451140987,4.138920808,4.343472556
Jaraguá do Sul,4,362.6253227,530.894,68.30465643,803,9.09,51652.44,87.6,55.25,3753.279425,0.09842532092,5.731269622,9.829172147,60.13659438,58.22958141,0.08793724357,0.08954503339,3822.1842,3856.052862,10.03374933,10.30060328,4.880719737,4.929855921
Joaçaba,2,115.9488163,241.637,47.98471107,827,5.85,64675.09,84.4,35.5,2743.7393,0.1012865287,2.685231755,3.173396554,34.1513812,34.09523,0.09424990775,0.09531609606,2600.858182,2666.945631,2.324348347,2.284142871,2.34866723,2.354087962
Joinville,9,732.213271,1127.946,64.91563169,809,8.78,52792.59,74.9,61.66666667,3775.970178,0.07622551654,4.98997057,9.088429737,59.39801859,57.55988862,0.07537951181,0.07687014611,3742.624506,3727.919876,8.186337564,8.456930768,4.813964113,4.952405296
José Boiteux,3,309.3433122,405.552,76.27710188,694,9.8,20508.4,79.6,58,3556.557,0.08798533565,9.442235228,5.574533781,58.07343516,58.61713694,0.08078677609,0.08178333636,3551.539334,3555.696345,5.468068036,5.500267828,9.113600391,9.067325823
Jupiá,1,12.1798421,91.448,13.31887203,719,34.48,26913.91,2.6,19,1661.4009,0.08704268074,2.306551108,5.636517227,23.61979896,28.27482158,0.0903586205,0.07607696877,2629.427203,2513.922492,6.239696964,5.466032708,2.309220015,2.35665676
Lages,4,528.6353613,2637.66,20.04183107,770,11.24,32355.43,84.9,31.75,2692.129075,0.07192356258,2.808392381,21.86172425,34.73196837,36.99804046,0.05978003618,0.05981073721,2441.949046,2574.167964,24.18431663,23.86317841,2.97625394,2.878833368
Lauro Müller,1,144.7095621,271.852,53.23100882,735,6.02,24646.56,72.4,49,3629.7885,0.1299340818,6.884321509,7.080857323,51.99021738,49.42523748,0.08712780656,0.0866270972,3387.666977,3452.052088,9.152897849,9.147888806,6.625179549,6.596494206
Lebon Régis,4,363.9677378,941.64,38.65253577,649,36.14,20402.4,49.1,35,2844.598025,0.0579355043,6.656868747,30.44853268,34.89598291,31.55969566,0.06558213092,0.06290737333,2656.048194,2548.010366,26.13719052,26.31306991,5.366756408,5.135611031
Leoberto Leal,4,206.0200017,293.6,70.17030032,686,25.64,30480.78,41.2,49.75,3387.04405,0.09934444117,9.293081437,10.35381251,51.18331143,53.15999056,0.06711698859,0.0715623986,3344.686687,3502.339962,11.37290542,11.3888912,9.725190352,9.929968673
Luzerna,1,57.29541005,117.099,48.92903445,789,16.67,30042.54,82,52,3445.4997,0.1145548126,2.577963338,2.473768831,47.25431717,45.48985934,0.108183692,0.1053076997,3076.479057,2993.280304,2.470676634,2.27900017,2.576113944,2.555615828
Macieira,1,133.6097638,261.208,51.15071658,662,100,27298.74,30.5,39,3003.1542,0.06460618518,5.256903777,21.20064447,35.3307979,34.35147796,0.08435868182,0.08312984951,2751.846226,2685.226741,20.8415744,20.34175488,4.171572673,3.973929396
Mafra,5,492.9100609,1404.084,35.10545387,777,7.12,34993.36,74.9,35,2756.3325,0.05854693985,3.455227108,8.533909653,31.77806329,32.70999815,0.06439899631,0.06434375641,2759.560711,2727.854527,12.71109931,12.56544497,3.804673722,3.957455534
Major Gercino,2,241.9138678,306.058,79.04183774,698,52.63,14383.12,54.3,67,4166.40015,0.07362210904,6.452504647,14.88520632,69.38845484,61.7545663,0.08101233984,0.08195173942,4014.703944,3896.346457,11.57089485,11.73348102,7.096062319,7.340009667
Major Vieira,4,184.3469085,520.816,35.3957844,690,12.2,26205.89,36.7,40.75,2865.821075,0.08656191247,4.093688458,5.652937332,36.82734238,38.54812074,0.07173960019,0.07189724684,2790.254195,2797.40995,5.065277112,5.058249747,4.312755005,4.472965472
Massaranduba,1,204.3706935,374.459,54.57758887,774,14.29,32809.4,86,51,3568.1845,0.07508550797,5.06131037,11.72186481,54.51143613,57.68856723,0.08083005612,0.08521549497,3878.315302,3927.36626,13.2314921,13.54785205,4.951791651,5.115306302
Matos Costa,1,228.8196412,435.391,52.55497729,657,64.52,20235.45,27,48,3272.1266,0.07227836259,3.862755608,10.59106441,40.27133071,36.43598515,0.06133820185,0.06171270901,2820.830733,2707.294217,9.000783928,8.651892444,3.560166231,3.536188684
Mirim Doce,2,240.8388876,337.991,71.25600611,708,30.3,22672.28,78.1,53,3345.89155,0.06935666554,4.177744069,12.35978261,52.4585275,41.62042359,0.07759031811,0.07418534735,3225.164321,2962.551693,12.9001268,14.20374612,6.036404683,5.421337719
Mondaí,3,68.32703244,200.276,34.11643554,748,16.53,56640.75,27.6,37,2787.711433,0.1043904904,2.978183159,7.056307889,31.04317827,37.00141858,0.1036698196,0.07968517173,2505.493052,2151.295937,4.79463462,4.677082293,2.901142484,3.273936795
Monte Castelo,2,294.3060959,560.743,52.4850236,675,15.15,21278.78,42.2,29,2146.89895,0.03306149167,3.980945148,10.35704021,36.58693784,36.80303855,0.05085746069,0.05398014067,2413.670047,2531.30416,12.57564592,12.00770771,3.622438515,3.299466986
Morro da Fumaça,1,11.09390529,82.818,13.39552427,738,7.46,36437.43,52.9,50,3543.143,0.03347202921,5.694356346,10.71515449,44.90940197,44.0176196,0.08466360243,0.08695262744,3745.597118,3771.924737,11.59683914,11.75101869,6.073666524,6.180651739
Morro Grande,2,178.9613671,260.143,68.79345862,701,20.41,36160.9,97.7,72,4490.5682,0.08285856805,4.630332888,5.147111111,59.08163484,57.06134214,0.08409342812,0.08821012657,3589.135924,3684.643196,4.624713194,4.90087511,4.542414699,4.696841559
Navegantes,1,30.32337844,111.377,27.22588905,736,13.87,48187.98,87.5,55,3306.7607,0.05125706273,4.180739579,12.64317552,55.65971951,57.91040523,0.08130351514,0.08545900878,3581.097439,3755.968653,13.4442895,13.99374614,4.383185489,4.546055141
Nova Itaberaba,2,40.39263297,137.388,29.40040831,736,25.64,24742.86,9.5,39.5,2931.89945,0.1002693675,2.748202731,9.142973448,35.57639209,41.5031034,0.09524714454,0.08287831411,2743.053422,2573.447107,8.262258123,7.417359023,2.59275057,2.529795135
Nova Trento,2,328.7375774,402.852,81.60256803,748,20.41,41341.86,70.8,56.5,3699.0575,0.05603483958,6.087078794,10.95591038,55.74492393,59.25581383,0.08234451699,0.08776369364,3883.636807,3937.371027,9.261702239,9.473851158,5.964636862,6.037316188
Nova Veneza,2,131.387236,295.061,44.52883843,768,11.9,48411.29,71.6,58,4145.96235,0.08406874716,4.173229147,8.064014692,55.37442996,49.43794557,0.08794700318,0.0894519931,3802.127542,3655.816257,6.156049338,6.387053385,4.514944944,4.831854681
Orleans,7,309.2358118,549.859,56.23911072,755,3.23,39817.94,72.7,64.42857143,4097.545414,0.1028886015,7.686126187,5.490032349,55.63369184,53.7440604,0.0845113319,0.08869383888,3841.489523,3823.862548,5.843963273,5.864365869,7.940963862,7.918435875
Otacílio Costa,4,354.0413741,847.253,41.78697203,740,19.53,40840.77,85.8,31.5,2377.12755,0.05522894545,2.295012904,4.6,32.42141308,38.88679502,0.05966971047,0.05942356146,2246.080275,2535.25469,9.990058907,10.88902067,2.698396824,2.685272233
Ouro,2,75.25178014,213.543,35.23963798,774,11.11,22712.09,88.6,43.5,3040.55895,0.1200380396,2.400166952,3.414055522,39.09984405,39.01491494,0.1000521595,0.09676428605,2773.319423,2776.940093,3.063397829,2.8831059,2.292358482,2.295503646
Paial,2,40.98514835,86.048,47.63056475,718,50,26723.38,21.3,44,3175.7578,0.1109479835,2.622646737,4.632767585,41.24446291,34.15436737,0.0943720722,0.1018463981,2946.216124,2732.468702,4.854636295,6.325284173,2.77854475,2.902754969
Painel,1,226.6955478,738.331,30.70378297,664,34.48,20034.79,51.2,38,3022.5374,0.09150467041,2.617489294,21.24715017,34.24011603,32.6929224,0.04534361391,0.04673839997,2385.012262,2310.005837,23.16158164,23.60860859,3.093027736,3.131109096
Palhoça,3,227.1560209,394.85,57.52970011,757,9.24,32626.34,83.2,44.66666667,3118.3852,0.05875001709,6.133819148,17.42027094,46.30313293,45.90424469,0.07303673902,0.0786579826,3239.941579,3401.540293,17.68366012,18.51948926,6.090716488,6.404430285
Palma Sola,1,90.43785226,330.878,27.33268826,704,10.31,30088.69,15.6,23,1968.0471,0.07963986568,2.642498238,3.557395959,25.85881933,29.23958498,0.07563649533,0.07017097127,2630.696824,2583.631166,3.744764827,3.015622482,2.389717304,2.402477094
Palmeira,1,104.979527,289.097,36.31290777,671,38.46,39215.33,49.7,33,2993.3463,0.07380948861,2.825120568,12.18566978,33.46668097,34.15197948,0.06473926929,0.05686788811,2311.034665,2257.719636,11.57857974,13.10151381,2.513942999,2.237126056
Palmitos,2,62.23474963,351.051,17.72812202,737,5.29,38378.79,15.1,22.5,1912.024,0.06892478738,2.643809493,9.590025021,25.42507505,35.69180484,0.08740225025,0.07507805285,1940.600544,1972.164121,6.992354636,5.948015811,2.865051302,2.784994664
Papanduva,5,332.4286863,764.737,43.46967471,704,19.84,31184.55,67.2,39.2,2816.12806,0.06519993448,4.057308821,9.37957286,39.06459611,40.5225955,0.07911378276,0.07940974686,2939.629063,2971.276703,7.018638064,7.035437559,4.514080217,4.590370763
Paraíso,1,49.59141934,180.338,27.49915123,700,34.48,28734.76,11,19,1912.6292,0.09248909593,2.678342343,6.543276994,31.76795474,34.18566909,0.08097510604,0.08037769486,2287.004008,2314.825954,10.84885664,11.09306277,2.726090658,2.664033171
Passos Maia,3,262.6691256,617.092,42.56563456,659,18.52,33066.57,50.2,26.33333333,2276.2491,0.04385749741,2.399401237,2.714331355,25.21711301,26.70990891,0.05827149701,0.0587545552,2100.809474,2259.243891,4.083157843,3.642140656,2.135006048,2.155510042
Paulo Lopes,2,353.2653637,446.165,79.17818827,716,8.2,25654.38,33.8,71.5,4438.024,0.06155484475,3.547268595,11.33770791,65.56262694,59.27568285,0.09241578486,0.09601751492,4216.704475,4074.140902,13.25642089,13.72787097,5.099030723,5.299313662
Peritiba,2,49.24732892,96.168,51.20968401,766,23.4,30218.7,70.3,45.5,3235.63535,0.1058527241,2.266708088,4.393970458,38.32297311,38.28382652,0.09952408424,0.08975779714,2827.159016,2694.459797,3.263859744,2.754951293,2.229320479,2.209332076
Pescaria Brava,1,12.62481322,106.853,11.81512285,752,11.24,10010.84,68.3,85,4892.4533,0.1067278688,4.653418851,0,73.14255096,66.39314951,0.1033125684,0.09982632967,4259.212606,4248.82413,0,0,4.919647068,5.012177974
Petrolândia,2,174.5945949,306.76,56.9156979,716,15.87,29089.34,45.7,44,2933.38975,0.08066754066,7.132866108,12.17831883,45.06850156,54.07816298,0.06801993837,0.07631759487,2791.671116,3234.936893,8.999761219,9.263013379,8.297775975,8.482388675
Piratuba,1,43.20108147,146.088,29.57195763,758,18.18,155119.78,49.8,30,2740.0316,0.09249984869,2.351369882,5.810392307,29.77395514,30.51482672,0.09270792298,0.0848557672,2567.382139,2486.041276,5.909896739,5.224512397,2.471372092,2.440286468
Ponte Alta,2,266.7855992,575.17,46.38378205,673,52.63,24218.32,40.5,44.5,2919.1062,0.06409952734,2.759550078,13.08333333,42.90012663,35.62851295,0.06480278034,0.05196138872,2850.088542,2586.808247,15.24178325,15.95566649,2.320639962,2.100102072
Ponte Serrada,2,275.955477,560.731,49.21352253,693,5.81,19642.03,40.7,42.5,3290.85495,0.09211729655,2.478779304,4.391940132,39.25620783,39.31177209,0.07305564935,0.07266484777,2620.171182,2499.627074,3.859469908,3.528609192,2.194656273,2.207123706
Porto União,3,443.9913439,848.779,52.30941669,786,2.57,21427.35,75.7,45,2925.0817,0.08551669832,2.911306479,5.092497501,43.0636288,39.01008582,0.07930951226,0.0793467839,2779.430899,2719.397731,4.638069007,4.399198462,3.417106219,3.404696212
Pouso Redondo,1,138.939198,356.539,38.96886398,720,4.29,28157.09,84.8,46,3178.3435,0.1195480351,6.037796972,10.33070396,40.04904828,44.47841631,0.08331567406,0.07640623298,3099.42967,3004.094023,9.985738886,10.02158472,5.464686577,5.214657838
Praia Grande,2,165.5489477,284.36,58.21808543,718,10.53,21879.04,78,54.5,3631.37815,0.1075348303,3.919042557,5.986774326,58.1209355,55.25201041,0.08639627292,0.08641414124,3440.429943,3704.247747,6.42422579,6.819231553,4.09087668,4.351267142
Presidente Getúlio,1,128.4879982,297.16,43.2386587,759,13.89,41362.31,86.5,68,4221.3141,0.09310411879,6.189830009,9.120665679,61.1054813,56.74620371,0.08052363576,0.08024355077,3218.755289,3137.284923,16.29205332,16.38659848,5.889192557,5.848058172
Presidente Nereu,3,166.7706175,224.748,74.20338223,737,43.48,23049.94,57.6,68.33333333,4202.215167,0.07494642601,8.969577874,11.36251706,65.06206776,62.51860926,0.08062195675,0.08380362197,3918.145864,3901.019029,8.748305338,8.91046678,9.368212624,9.447317113
Quilombo,1,52.00850914,278.983,18.64217861,730,7.3,35457.41,34.5,45,3420.0134,0.11448884,2.509978363,9.613311462,41.13699458,35.69220286,0.09360301943,0.07666323956,2680.66008,2167.290936,7.554866199,8.134432424,2.405181055,2.295682879
Rancho Queimado,1,204.3140307,286.461,71.32350677,753,33.33,40998.77,51.9,39,2854.7033,0.02512003177,13.95809962,14.39954367,45.06906082,59.81647514,0.05398402755,0.07039733905,3127.50641,3790.540425,12.61210271,12.84070824,8.979559097,9.388387083
Rio das Antas,2,108.456047,314.913,34.4400031,697,13.33,30774.48,41.8,31,2591.35315,0.08332498612,3.474089742,21.31347521,30.41305673,29.2749666,0.07884875335,0.07533618469,2620.944068,2595.226899,23.00849249,22.43524073,3.598165884,3.532478881
Rio do Campo,5,263.0830325,502.095,52.39706281,729,24.69,24848.43,74.3,52.4,3381.40288,0.07895260938,6.068001058,10.0319708,50.71396357,49.77469765,0.07943833232,0.07890824196,3187.683432,3206.300356,8.933912881,8.974274467,5.942595039,5.936165295
Rio do Oeste,2,90.26978187,245.057,36.83623886,754,8.93,24874.63,67.8,40.5,2573.465,0.07424845931,6.661408177,12.93679729,42.50373087,43.56838158,0.08502604048,0.08329164675,2990.071207,3052.540358,13.50950773,13.42629147,5.994020007,5.88291446
Rio do Sul,2,143.1736651,260.817,54.89429948,802,13.26,38796.66,83.5,51,3428.9443,0.05464277028,4.98095126,14.48879727,49.87323807,53.65946488,0.06844260323,0.07053389287,3013.581576,3141.416433,12.21785267,12.39389293,5.794692378,6.161917868
Rio dos Cedros,6,412.5230041,555.473,74.26517655,729,8.4,28748.91,82.3,54,3514.794617,0.08610493339,3.201411791,5.819274827,52.73648822,52.643514,0.07196208822,0.07404020768,3445.151281,3475.576358,5.113044015,5.097423178,3.377911636,3.470739227
Rio Fortuna,2,135.4952812,302.39,44.80812236,806,13.33,51792.65,30.6,34.5,2554.3398,0.06544604092,8.668578989,4.288213868,38.01532582,39.87925574,0.0495859363,0.06040360393,2933.579931,2991.687915,5.008255685,5.107781467,6.707445219,6.774609408
Rio Negrinho,2,390.4398987,907.42,43.02747335,738,8.4,27502.3,79.2,33.5,2485.79315,0.05215434151,2.725850015,6.029208898,38.59436774,42.47889525,0.07193253143,0.0742724244,2766.817567,2882.3484,5.958911529,5.883370926,3.547680297,3.649305802
Rio Rufino,3,235.147877,282.571,83.21727177,653,29.41,19550.74,51.5,19.66666667,1713.9064,0.02184795452,7.59123053,23.6277816,26.59201715,31.2301958,0.0365028547,0.04260915704,2006.318572,2283.1375,27.22034436,27.76984787,5.422377274,5.501471184
Rodeio,1,80.81718647,129.001,62.64849611,754,15.04,24814.2,87,55,3562.293,0.08603599264,4.008011426,10.18726983,57.17747988,58.20794646,0.07605894695,0.0795183284,3698.072476,3771.029904,11.2603479,11.61925345,4.317901857,4.531442601
Romelândia,2,47.13984013,223.333,21.10742261,692,25.64,17303.37,7.9,47.5,3511.6037,0.113447573,2.893843481,9.463205045,38.46589017,40.31319212,0.105849093,0.09307619407,3247.736295,2915.851049,4.594009506,4.990328353,2.660703833,2.361926174
Salete,1,68.93071666,177.887,38.74972126,744,24.1,25910.8,58.9,15,1349.711,0.01165864582,6.020039804,11.5306305,31.14219076,40.70626415,0.07263033534,0.07185970458,2512.067469,2740.693476,10.2487372,10.19749114,6.66820639,6.571333889
Salto Veloso,1,42.90341387,104.531,41.04372279,784,17.86,36676.48,82.6,44,3050.4238,0.1120394829,2.626141198,11.24459547,39.01543511,37.20069844,0.1043995745,0.1033154281,2848.193186,2864.472792,9.48196809,9.077684089,2.723046995,2.774267314
Santa Cecília,2,345.4937201,1145.845,30.15187221,698,3.3,28120.98,76.2,22,1852.18995,0.02252476612,1.965145435,27.58053599,23.68699553,30.23745291,0.0434516986,0.04880627776,2224.795657,2424.206632,24.36434827,24.82120393,3.137764539,3.081923005
Santa Helena,1,27.03427929,81.004,33.37400534,727,35.71,31185.85,10.3,31,2252.6962,0.08292511074,2.976789499,4.264501986,30.10392822,30.49702938,0.07645950733,0.0788465741,2118.046599,2052.206432,4.681831174,5.251890889,2.712034736,2.657267061
Santa Rosa de Lima,2,122.3117388,203.218,60.18745329,757,52.63,23709.77,55,60.5,4138.02695,0.09454149789,7.279538356,8.420143511,60.23371407,57.66053163,0.09754502965,0.09836412206,3954.635031,3716.530838,5.390290275,5.460447652,6.887697031,6.858724315
Santa Terezinha,3,436.585087,715.551,61.01383228,669,11.63,20603.1,40,50,3132.747467,0.06467811282,6.292226744,5.841854004,54.50662667,52.46648977,0.0825359206,0.0811668142,3153.840671,3148.749862,6.82282025,6.891186446,5.270417638,5.320983126
Santo Amaro da Imperatriz,5,274.3334417,344.235,79.69365164,781,6.02,37065.02,83.6,51.4,3488.05804,0.06689113609,9.695009025,32.1602339,57.83258727,62.9013721,0.07530051319,0.08129170436,3686.075531,3974.036141,27.39042467,27.83019123,9.159858989,9.319104427
São Bento do Sul,4,327.7509395,495.772,66.10920736,782,9.2,38266.83,94.8,46.5,3065.0804,0.1022116466,3.092759078,7.711900875,54.85705193,54.72396457,0.08640607276,0.08265861962,3339.812363,3391.482372,10.16775041,10.22175809,3.307521119,3.419562374
São Bonifácio,4,340.8017107,461.438,73.85644673,731,38.46,24962.03,62.2,62.25,3637.356,0.06515478151,4.814616363,9.409491366,63.17003,60.49426993,0.05965419693,0.06261325576,3682.420777,3742.843283,8.436731698,8.632671618,6.777621844,7.008967906
São Carlos,1,31.74423671,162.12,19.58070362,769,6.85,37942.44,20.8,41,3164.5389,0.1229985818,2.554828734,7.532333333,37.14291516,38.20354301,0.1066357935,0.08940277676,2936.564839,2461.660768,8.227553457,6.992089632,2.725737891,2.589625221
São Cristóvão do Sul,2,148.5313451,345.903,42.94017256,665,25.64,28867.32,59.7,41,3169.57735,0.08511271129,2.128147588,0,37.03326095,34.15436643,0.0590652142,0.04716615058,2469.713905,2307.498303,0,0,2.196829952,2.280124908
São Domingos,1,57.32127277,367.525,15.59656425,765,17.24,34612.07,16.6,33,2665.2506,0.09747825814,2.411923565,6.332263071,31.19751598,32.7363499,0.08846502085,0.0788471705,2581.55268,2374.534874,4.04330329,3.922547386,2.190886878,2.057035252
São Francisco do Sul,2,288.1015846,493.266,58.40694161,762,11.41,80165.53,75.6,57,3762.065,0.0459514686,3.509678466,7.0475501,66.7472883,63.19190862,0.05811407296,0.06439312103,3801.66563,3852.324026,7.498325302,7.903259011,3.527748138,3.738614936
São João Batista,1,133.0048573,200.765,66.24902614,740,12.96,24798.96,79.8,70,4133.1587,0.1212615615,6.973930135,11.78351598,63.98707507,59.72132577,0.09019081887,0.08238211912,4048.77057,3976.114107,14.00968656,14.31510136,5.650266672,5.837157754
São João do Itaperiú,2,30.4770999,151.885,20.06590506,738,47.62,45959.96,54.9,44,2874.20525,0.07309179465,4.327273056,12.18400862,47.73659379,47.20348277,0.07016219498,0.07026078318,3182.987817,3232.309063,10.70220098,11.1448048,4.240397587,4.386624496
São João do Oeste,1,58.21031304,163.747,35.54893405,761,14.29,34777.41,19.9,31,2462.9061,0.07047520934,2.996952602,4.737138458,30.84313602,37.85491583,0.08225265509,0.08186153024,2281.165479,2253.58071,4.461420202,4.82158343,2.68590099,2.708393087
São Joaquim,10,466.2111587,1888.634,24.68509826,687,27.7,27919.27,73.4,20.3,2077.02683,0.03263890187,4.112759527,23.54133497,27.67558312,29.51964538,0.04271958936,0.03983310981,2238.114118,2271.469202,26.50003372,27.07373075,4.266992155,4.105570204
São José,1,52.80368271,150.499,35.08573659,809,9.8,43665.31,93.7,45,3403.5667,0.030484097,5.804775558,7.197360903,50.75632331,53.21848655,0.08456364547,0.08821401552,3982.029948,3862.2101,9.897126293,10.86187682,4.889905916,5.413346084
São José do Cerrito,3,350.6855709,948.714,36.96430862,636,23.81,29609.26,36.9,46.66666667,3551.603833,0.09034766139,2.542727614,17.76248975,32.41663721,29.19619685,0.07237232111,0.07052054346,2624.615773,2524.523507,20.42944571,19.43808991,2.275839691,2.190777321
São Lourenço do Oeste,2,68.09584592,356.193,19.11768225,749,9.68,40274.72,37.4,31,2491.246,0.07365957743,2.812559558,10.41752958,39.18886361,39.79638286,0.09854498452,0.09134851703,3068.731323,2961.715424,9.018132067,8.315665001,2.401607518,2.406132897
São Martinho,3,112.7435329,224.566,50.20507688,742,27.03,25501.71,68.9,59,3758.042133,0.1056462641,6.568964629,13.6412096,58.56391478,57.26574928,0.09141151081,0.08953778857,3888.868013,3882.130725,9.357170491,9.463300197,5.94201367,6.014231719
São Miguel da Boa Vista,1,17.85211703,72.755,24.53730606,710,83.33,19990.31,8.2,13,1380.9816,0.04961768146,2.928241111,4.598888889,33.88478698,32.27789857,0.09176139584,0.07447358432,2044.167534,1978.773343,5.007589734,4.631753515,2.568106266,2.389581797
São Pedro de Alcântara,1,107.6451585,139.196,77.33351428,734,68.97,14164.08,79,67,4456.7312,0.1138308888,7.747542301,18.07077691,62.54576076,54.68821061,0.09004180957,0.1000385299,4204.290289,4178.419763,15.65976085,16.14357818,8.240745754,8.531161856
Saudades,1,44.37405814,205.781,21.56372947,755,29.7,33257.91,28.1,11,1207.5768,0.009535293669,2.480270529,3.92088137,34.13862477,35.91586104,0.08993783375,0.0784900405,1666.672491,1705.667123,7.257696435,6.206731186,2.513555441,2.417935507
Schroeder,1,125.230368,165.237,75.78833311,769,11.72,24106.03,61.9,54,4015.5363,0.1113469631,4.295825784,11.65606249,57.26334231,58.06720578,0.09326028748,0.09423924241,3978.62231,3889.764813,11.39527075,11.67327319,4.810694269,5.014162654
Seara,8,149.7839004,309.627,48.37559398,779,8.06,45693.62,66.4,35.125,2588.77445,0.08792702714,2.51079367,5.843242316,35.93922341,37.60741399,0.09470295388,0.09187681241,2652.292302,2537.842845,5.385230247,4.964090811,2.549609881,2.535255963
Siderópolis,2,172.005727,262.004,65.65003857,774,21.9,33528.51,85.3,67.5,4329.24215,0.1134315561,3.43000732,6.820346888,57.94850277,55.19776357,0.09718345646,0.09706919416,3666.900217,3709.74329,5.693287732,5.798683552,3.996930973,4.002886188
Taió,4,375.4680365,693.847,54.11395257,761,20.41,32781.05,77.7,57.75,3294.66505,0.08291086222,5.172203443,7.934548381,43.37998504,39.86840165,0.07552611714,0.06955256297,3168.872744,2898.10313,9.359094589,9.442888329,5.448614542,5.286482563
Tangará,1,171.6504839,390.044,44.00797959,737,32.26,47114.19,50.1,57,3715.697,0.1274396581,2.713335553,16.96183466,45.13448398,40.33576889,0.1043293567,0.1055616299,3028.327828,2890.367441,19.17580002,18.44431189,2.989844828,2.974644369
Tijucas,1,116.557269,279.159,41.7530042,760,7.47,40901.83,86.9,84,4612.4853,0.10795583,4.634600977,13.38387353,58.5311005,57.3453587,0.08839356196,0.08725325748,4292.800933,4219.090414,11.52331115,11.85553221,4.460526201,4.555893281
Timbé do Sul,1,229.1330926,328.507,69.74983566,720,14.29,24069.78,67.2,66,4051.4022,0.05620619802,5.181836601,4.437588745,67.22274221,57.92572243,0.08611310735,0.09235728369,3825.737729,3795.451745,4.5557922,4.675390126,4.751446839,4.589716247
Timbó,2,58.10019113,128.313,45.28005045,784,1.98,42748.35,59.2,44.5,3380.778,0.08414350131,3.737045018,10.03228534,52.88568493,51.7847107,0.09009761795,0.09256062662,4046.116441,3935.921427,12.25755062,12.46225117,4.155925627,4.210359364
Timbó Grande,2,287.8745519,596.344,48.27323691,659,20.62,25259.99,36.8,26,2277.00405,0.05496174055,2.757783737,3.614327299,29.22536939,32.39401314,0.06374409867,0.06661571977,2417.835507,2476.416679,5.156740325,4.981325249,3.856534766,4.365038748
Treviso,2,108.7608878,156.61,69.44696237,774,21.74,52568.42,95.3,61,4315.79885,0.08312521871,3.836011526,6.054631953,57.55046292,52.54771052,0.08683471057,0.08891690659,3967.524173,3741.251816,9.136902064,9.242875019,4.933296689,4.807113945
Treze Tílias,1,52.43156896,185.937,28.1985667,795,7.75,79760.98,93.3,14,1284.7883,0.0381109663,2.618148615,3.040226419,18.40970663,20.24107495,0.07429092788,0.07397740607,1889.370922,2086.156664,6.425816854,6.195926916,2.673685372,2.713831819
Trombudo Central,1,38.08895848,109.648,34.73748585,775,18.87,34907.81,49,23,2153.2203,0.04727906633,4.755505609,11.56549962,46.23577405,47.39117888,0.08101996037,0.08125429758,3110.286911,3045.353741,11.8184042,12.00845235,5.662600665,5.803203606
Tunápolis,3,46.19009605,132.939,34.74533136,752,43.48,27234.76,9,27.66666667,2426.883033,0.07717841581,3.215210083,3.605923257,28.64657723,28.62124976,0.07723920223,0.07660853102,2229.087207,2091.481126,4.863101372,5.535106215,2.810719523,2.767164231
Turvo,1,38.81059785,235.104,16.50784242,740,17.14,42026.53,90.3,44,2984.6217,0.1077036647,4.687918261,8.034885621,53.66621309,53.81661824,0.1044657903,0.1062623376,3543.586921,3800.702292,7.589765137,7.908512593,5.063064134,5.450009184
Urubici,7,673.1496904,1021.371,65.90648162,694,14.18,22372.89,78.3,18.85714286,1804.632629,0.01554012771,11.66036048,23.41619637,24.43994376,28.55417026,0.02178720525,0.02859934181,2092.446727,2273.385812,25.45259805,25.91112469,6.073613487,6.233230044
Urupema,1,86.67956357,350.472,24.7322364,699,64.52,22118.42,38.8,9,1271.4629,0.02990527498,5.025359832,27.03014523,23.04954887,28.58851271,0.05679934764,0.05137402191,2510.600635,2249.904061,25.30214908,27.35721533,4.973233716,4.526981225
Urussanga,2,115.8409806,254.954,45.43603182,772,14.56,39438.25,84.6,46,3183.01155,0.08333757263,7.386687704,13.14090099,43.79319625,44.26709657,0.08601407821,0.0878530974,3720.697978,3637.00834,11.9364352,11.90087947,5.861603447,5.876892834
Vargem,2,121.3629244,350.606,34.61518752,629,44.44,24351.38,13.4,24,2106.8292,0.06039870048,2.48093847,10.10247104,24.60985905,27.70062976,0.07296682001,0.06803220985,2400.867125,2465.329035,11.00915123,10.10605527,2.400187339,2.299811538
Vidal Ramos,2,221.94401,346.932,63.97334637,700,11.76,45291.06,24.7,63.5,3574.06865,0.1128732572,8.408575129,10.00472634,53.33370446,52.81637251,0.08042344759,0.07869368294,3505.390229,3472.565858,7.885562437,7.964943119,9.106829573,9.353447198
Videira,1,139.3863766,384.127,36.28653457,764,12.08,46236.23,86.1,27,1930.1809,0.09926114643,2.701851578,17.04166162,29.65012201,29.48370734,0.08818482429,0.08466310052,2563.349309,2630.877132,19.48001563,18.64554369,2.991639085,2.994042265
Vitor Meireles,2,228.8726438,370.414,61.78833517,673,14.93,23643.9,75.2,63,3961.19435,0.0787962717,6.326400384,8.679608473,60.90297164,56.71364958,0.09919533815,0.09923293002,3246.255199,3265.262976,8.656328575,8.645125344,7.34865792,7.324798256
Witmarsum,2,53.02792856,153.776,34.48387821,710,23.26,32866.88,76.7,60,3579.08895,0.08795110305,6.86448678,10.47785981,49.27582283,47.65650448,0.07842645233,0.07792651,3236.369856,3155.462633,11.73953607,11.8015161,6.936441746,6.841474064
Xanxerê,1,58.69238694,377.426,15.55070052,775,9.93,33864.92,56.4,40,3083.2475,0.1003426164,2.231730586,3.093674953,38.27862108,39.01188055,0.08082639626,0.06980421441,1682.125198,1698.710203,3.445722748,2.658196356,2.185938966,2.18679458
Xavantina,2,64.97479344,218.032,29.80057672,749,55.56,54550.94,60,50,3628.82425,0.09452919853,2.352668327,6.37259711,44.70034255,43.06990169,0.08392772277,0.0757234942,2389.590504,2292.079374,5.974828422,5.123291098,2.471574403,2.485241603
Zortéa,1,48.37142837,190.179,25.43468436,761,22.22,21389.69,35.2,55,3879.844,0.1248054599,2.135249024,8.774086379,44.51973735,40.02763481,0.09275530143,0.08981239705,3028.994062,2817.663097,4.980536512,4.666384949,2.18997199,2.208414438